visit_id,script_url,script_domain,site_url
4529273212114173,https://vm.gtimg.cn/thumbplayer/superplayer/1.33.6/superplayer.js?max_age=15552000,vm.gtimg.cn,https://qq.com
3127576460761972,https://sofire.bdstatic.com/js/dfxaf.js?_=1777167991927,sofire.bdstatic.com,https://baidu.com
107366066533029,https://1c5c1ecf7303.0b384439.ap-southeast-1.token.awswaf.com/1c5c1ecf7303/d6a7a58005ec/04c5ab18cd2d/challenge.js,1c5c1ecf7303.0b384439.ap-southeast-1.token.awswaf.com,https://amazon.com
743233616696957,https://widgets.q4app.com/widgets/requireslib/pdf-js/build/pdf.js,widgets.q4app.com,https://cloudflare.net
2726466548132344,https://www.digicert.com/bry-Say-I-double-We-well-Mighties-in-finde-And-i,www.digicert.com,https://digicert.com
7408667902976448,https://www.nic.ru/static/rcweb-bundle-ccc032bef5d8c383ac6c.js,www.nic.ru,https://nic.ru
2678931218203032,https://hectorstatic.baidu.com/96c9c06653ba892e.js,hectorstatic.baidu.com,https://baidu.com
3544524603744807,https://www.digicert.com/bry-Say-I-double-We-well-Mighties-in-finde-And-i,www.digicert.com,https://digicert.com
2190758674829300,https://captcha-api.yandex.ru/captchapgrd,captcha-api.yandex.ru,https://nic.ru
4776735616015814,https://shop.samsung.com/akam/13/43638b9d,shop.samsung.com,https://samsung.com
1516536200926278,https://www.nic.ru/static/rcweb-bundle-1f1085d44b5477efe3ea.js,www.nic.ru,https://nic.ru
8462868199344816,https://workers.cloudflare.com/_astro/paper-full.BYcUELjp.js,workers.cloudflare.com,https://workers.dev
6840469944800970,https://widgets.q4app.com/widgets/requireslib/pdf-js/build/pdf.js,widgets.q4app.com,https://cloudflare.net
7447751307462122,https://hectorstatic.baidu.com/96c9c06653ba892e.js,hectorstatic.baidu.com,https://baidu.com
2190758674829300,https://www.nic.ru/static/rcweb-bundle-1f1085d44b5477efe3ea.js,www.nic.ru,https://nic.ru
1833082099976208,https://www.adobe.com/akam/13/2fefbdd0,www.adobe.com,https://adobe.com
8596883779769338,https://www.digicert.com/bry-Say-I-double-We-well-Mighties-in-finde-And-i,www.digicert.com,https://digicert.com
3926103465922134,https://widgets.q4app.com/widgets/requireslib/pdf-js/build/pdf.js,widgets.q4app.com,https://cloudflare.net
6860390872128117,https://client.protechts.net/PXdOjV695v/main.min.js,client.protechts.net,https://linkedin.com
7331731014148014,https://www.adobe.com/akam/13/2fefbfaf,www.adobe.com,https://adobe.com
5043235560104670,https://client.protechts.net/PXdOjV695v/main.min.js,client.protechts.net,https://linkedin.com
3654681114668844,https://workers.cloudflare.com/_astro/paper-full.BYcUELjp.js,workers.cloudflare.com,https://workers.dev
4096516206727345,https://client.protechts.net/PXdOjV695v/main.min.js,client.protechts.net,https://linkedin.com
331885918128841,https://client.protechts.net/PXdOjV695v/main.min.js,client.protechts.net,https://vimeo.com
7886487810751849,https://staticfile.qq.com/qimei/qimeisdk-web/0.6.5/lite.js,staticfile.qq.com,https://qq.com
4524339270302865,https://www.digicert.com/bry-Say-I-double-We-well-Mighties-in-finde-And-i,www.digicert.com,https://digicert.com
500218830468891,https://client.protechts.net/PXdOjV695v/main.min.js,client.protechts.net,https://linkedin.com
3290118348274900,https://widgets.q4app.com/widgets/requireslib/pdf-js/build/pdf.js,widgets.q4app.com,https://cloudflare.net
2190758674829300,https://captcha-api.yandex.ru/backend.d606c5e3a3d5fccfedd8.js,captcha-api.yandex.ru,https://nic.ru
2678931218203032,https://hectorstatic.baidu.com/cd37ed75a9387c5b.js,hectorstatic.baidu.com,https://baidu.com
3544524603744807,https://newassets.hcaptcha.com/c/34438984d10c838dfeb43ffa300003c8afdd99ef00c6d9e256a49f9f570c6418/hsw.js,newassets.hcaptcha.com,https://digicert.com
2201542805347719,https://1c5c1ecf7303.e10058c8.ap-south-1.token.awswaf.com/1c5c1ecf7303/d6a7a58005ec/04c5ab18cd2d/challenge.js,1c5c1ecf7303.e10058c8.ap-south-1.token.awswaf.com,https://amazon.com
1219236807429751,https://www.nic.ru/static/rcweb-bundle-ccc032bef5d8c383ac6c.js,www.nic.ru,https://nic.ru
7886487810751849,https://vm.gtimg.cn/thumbplayer/superplayer/1.33.6/superplayer.js?max_age=15552000,vm.gtimg.cn,https://qq.com
3544524603744807,https://newassets.hcaptcha.com/c/6da5f9c844be6a707b41d3e4182b4f4cb0b1907f6e416247b67fef7ba1a3db29/hsw.js,newassets.hcaptcha.com,https://digicert.com
2726466548132344,https://newassets.hcaptcha.com/c/c881d5cb482702027a33922d4e82f7ca5fb1d993cdbfb124d59ec3b5e578bced/hsw.js,newassets.hcaptcha.com,https://digicert.com
4529273212114173,https://staticfile.qq.com/qimei/qimeisdk-web/0.6.5/lite.js,staticfile.qq.com,https://qq.com
8596883779769338,https://newassets.hcaptcha.com/c/34438984d10c838dfeb43ffa300003c8afdd99ef00c6d9e256a49f9f570c6418/hsw.js,newassets.hcaptcha.com,https://digicert.com
6776946956885887,https://about.roblox.com/akam/13/2022d77d,about.roblox.com,https://roblox.com
7447751307462122,https://hectorstatic.baidu.com/cd37ed75a9387c5b.js,hectorstatic.baidu.com,https://baidu.com
2637096478914533,https://sofire.bdstatic.com/js/dfxaf.js?_=1778121675033,sofire.bdstatic.com,https://baidu.com
